{"format":1,"version":"4.5.3","settings":"a5dc226072d5fc3ede242112425bf017","files":{"_workplace_book_store_src_books___init___py":{"hash":"182b2dca469bf063cbcf996d517b03da","index":{"nums":[1,0,0,0,0,0,0],"html_filename":"_workplace_book_store_src_books___init___py.html","relative_filename":"E:\\workplace\\book_store\\src\\books\\__init__.py"}},"_workplace_book_store_src_books_entity___init___py":{"hash":"182b2dca469bf063cbcf996d517b03da","index":{"nums":[1,0,0,0,0,0,0],"html_filename":"_workplace_book_store_src_books_entity___init___py.html","relative_filename":"E:\\workplace\\book_store\\src\\books\\entity\\__init__.py"}},"_workplace_book_store_src_books_entity_book_py":{"hash":"775f435b23d7b61af6b356890573541e","index":{"nums":[1,37,0,0,0,0,0],"html_filename":"_workplace_book_store_src_books_entity_book_py.html","relative_filename":"E:\\workplace\\book_store\\src\\books\\entity\\book.py"}},"_workplace_book_store_src_books_manager___init___py":{"hash":"182b2dca469bf063cbcf996d517b03da","index":{"nums":[1,0,0,0,0,0,0],"html_filename":"_workplace_book_store_src_books_manager___init___py.html","relative_filename":"E:\\workplace\\book_store\\src\\books\\manager\\__init__.py"}},"_workplace_book_store_src_books_manager_external_books_py":{"hash":"a1fd8a594e137bc4d9f728d7a09efb51","index":{"nums":[1,35,0,0,0,0,0],"html_filename":"_workplace_book_store_src_books_manager_external_books_py.html","relative_filename":"E:\\workplace\\book_store\\src\\books\\manager\\external_books.py"}},"_workplace_book_store_src_books_manager_internal_books_py":{"hash":"a6c28846574d0c110c10cfd0d4bc04f2","index":{"nums":[1,118,0,0,0,0,0],"html_filename":"_workplace_book_store_src_books_manager_internal_books_py.html","relative_filename":"E:\\workplace\\book_store\\src\\books\\manager\\internal_books.py"}},"_workplace_book_store_src_books_model___init___py":{"hash":"182b2dca469bf063cbcf996d517b03da","index":{"nums":[1,0,0,0,0,0,0],"html_filename":"_workplace_book_store_src_books_model___init___py.html","relative_filename":"E:\\workplace\\book_store\\src\\books\\model\\__init__.py"}},"_workplace_book_store_src_books_model_dao_py":{"hash":"a9a0e85fdae470e7827a358e19e7687b","index":{"nums":[1,71,0,0,0,0,0],"html_filename":"_workplace_book_store_src_books_model_dao_py.html","relative_filename":"E:\\workplace\\book_store\\src\\books\\model\\dao.py"}},"_workplace_book_store_src_books_validation___init___py":{"hash":"182b2dca469bf063cbcf996d517b03da","index":{"nums":[1,0,0,0,0,0,0],"html_filename":"_workplace_book_store_src_books_validation___init___py.html","relative_filename":"E:\\workplace\\book_store\\src\\books\\validation\\__init__.py"}},"_workplace_book_store_src_books_validation_schema_py":{"hash":"a7c3bf9c39a1117aada22c88526ac7f6","index":{"nums":[1,3,0,0,0,0,0],"html_filename":"_workplace_book_store_src_books_validation_schema_py.html","relative_filename":"E:\\workplace\\book_store\\src\\books\\validation\\schema.py"}},"_workplace_book_store_src_books_views___init___py":{"hash":"182b2dca469bf063cbcf996d517b03da","index":{"nums":[1,0,0,0,0,0,0],"html_filename":"_workplace_book_store_src_books_views___init___py.html","relative_filename":"E:\\workplace\\book_store\\src\\books\\views\\__init__.py"}},"_workplace_book_store_src_books_views_controller_py":{"hash":"248f89678035a8e281d79d611107a268","index":{"nums":[1,118,0,0,0,0,0],"html_filename":"_workplace_book_store_src_books_views_controller_py.html","relative_filename":"E:\\workplace\\book_store\\src\\books\\views\\controller.py"}}}}